USER_ID;UPDATED_AT;ADDRESS_ID;LAST_NAME;CREATED_AT;PHONE_NUMBER;TOTAL_ORDERS;FIRST_NAME;EMAIL
bbe51ac6-6687-4cbe-9178-27d96f90836b;2021-01-30T22:49:31-08:00;7a4821e6-4e7a-4894-bb35-70ffcf0c3aa8;Hearmon;2020-10-23T20:21:57-07:00;831-155-1615;;Keslie;khearmon0@netvibes.com
eb8ac155-9558-47a2-ad5d-3a2518ec563c;2020-10-10T06:11:13-07:00;dd1048ba-46a5-4d80-a7e1-b1592c161a4c;Kernan;2020-09-24T05:33:20-07:00;879-706-2066;;Gerhard;gkernan1@51.la
7091fe90-07da-424c-8da6-24e024503be2;2020-05-13T08:09:47-07:00;4a9bcc05-a07b-4507-9d42-a2325a4844fa;Petricek;2020-02-20T05:46:49-08:00;407-316-0158;;Edithe;epetricek2@purevolume.com
ab21c3fa-34c7-4858-bee5-193775913caf;2020-04-01T12:19:52-07:00;6b49d7c6-6ede-4a8a-ade1-ec5888c7ce14;Wrankmore;2020-04-01T11:01:25-07:00;118-153-0530;;Danella;dwrankmore3@europa.eu
d055abf7-ba8e-463b-975a-c5cb10f6d8eb;2020-06-03T15:22:21-07:00;ed96dbd0-193e-4906-ae8b-904f50bcb57a;Labrenz;2020-04-28T14:30:38-07:00;688-300-9734;;Timoteo;tlabrenz4@cisco.com
8ac6bb3e-7dc0-4cdb-90f2-a31db50547db;2020-05-06T06:16:01-07:00;b2b4d6cd-3c94-40e0-99aa-9dd9ba011ca6;Diego;2020-03-06T03:49:34-08:00;793-208-7745;;Lorelle;ldiego5@nps.gov
393de08c-725c-457a-a591-16030480eb80;2021-01-19T10:53:15-08:00;96a40097-0030-4509-bb52-b3251fdef2b6;Harrop;2020-12-18T10:25:20-08:00;215-651-1811;;Reg;rharrop6@naver.com
7f7ce164-75dd-4d50-ad3f-e4d8846f3d60;2021-01-31T14:35:02-08:00;131db634-55f8-4fb6-98f3-624ec32a94b8;Mylan;2020-12-02T12:13:33-08:00;939-834-5989;;Betsey;bmylan7@cbslocal.com
467a047e-c8df-4304-8fc9-949acd7bcf4a;2020-05-12T17:19:14-07:00;1a61a755-cf38-43cd-be0d-7babfe8aaa26;Sperski;2020-03-29T14:50:21-07:00;577-779-1973;;Maris;msperski8@comsenz.com
9208a361-ea2f-4f75-a2b4-281b55df08a9;2020-04-08T20:11:54-07:00;76f13d82-1273-4144-8a41-45fc836c3540;Oliva;2020-02-11T20:00:29-08:00;498-625-6452;;Johnath;joliva9@taobao.com
51d453ca-8147-49eb-a874-8139855727e7;2020-03-30T12:54:44-07:00;118d2c47-6c92-44b3-a52a-c58dac57adf2;Wallentin;2020-02-11T10:30:18-08:00;526-580-6252;;Hermon;hwallentina@google.fr
b9287f6c-c865-49bb-a3c9-da47bbdf3a90;2020-05-28T07:37:03-07:00;04ac071b-da39-463c-ac62-e996547407c9;Cooch;2020-05-04T05:36:37-07:00;276-324-3787;;Chrissie;ccoochb@imageshack.us
ab6cf98c-c16e-41b7-88ab-31f4db64caa2;2021-02-16T21:27:46-08:00;965dbeea-a6d5-467d-9683-914b744ad1ef;McBratney;2020-11-25T19:30:42-08:00;728-793-1630;;Reider;rmcbratneyc@hibu.com
5943d612-56e1-449a-b891-c501bcea5c34;2020-07-09T07:11:21-07:00;5eadcadd-a524-443f-8fcb-d0ef1981da0a;Glisenan;2020-04-18T06:27:22-07:00;551-716-3772;;Noellyn;nglisenand@gmpg.org
82a0b2f1-4124-4330-977b-9bddba44ec13;2020-03-31T05:53:00-07:00;bfee6b0f-d8ea-4626-9786-a0e1497bd07b;Gorini;2020-01-17T04:30:01-08:00;198-746-1391;;Egan;egorinie@yolasite.com
dc41b3dc-c270-46ce-a7b7-1f27c178765c;2020-11-07T13:40:43-08:00;b2b4d6cd-3c94-40e0-99aa-9dd9ba011ca6;Webborn;2020-09-01T11:48:06-07:00;602-434-1475;;Daveta;dwebbornf@loc.gov
1df78ad9-9493-4ce9-b1ad-776f26650417;2020-01-15T03:39:23-08:00;7ae529bf-b9d0-47ee-acd0-d55e0e6a0d32;Chamberlen;2020-01-05T03:27:27-08:00;659-441-8682;;Monro;mchamberleng@msn.com
e3302139-c0ba-4715-9c35-68dde8347b56;2020-08-01T06:50:34-07:00;4934ebb8-8950-4bd0-87ba-a1532716e54d;Ashlee;2020-05-12T05:02:27-07:00;156-469-8641;;Iormina;iashleeh@linkedin.com
e512189a-15a2-4325-b41d-6092f5c03bc9;2020-09-20T15:30:23-07:00;53983579-4a64-432a-941e-c3d9c886bd77;Segoe;2020-08-24T12:52:18-07:00;559-536-6443;;Verina;vsegoei@geocities.jp
1084cc0c-3ee1-42d2-aa29-368474bd1579;2020-10-02T18:12:48-07:00;dfc2941f-aef1-4c70-a7f6-8105dda578f5;Lenham;2020-08-31T16:43:25-07:00;991-354-9667;;Angelico;alenhamj@google.nl
4fe02f4f-f3d6-4068-853d-158cc64f0c65;2020-04-02T05:38:57-07:00;b5d85492-b403-4f52-a42b-4363716f4cfb;Rays;2020-01-21T03:34:40-08:00;980-177-3162;;Matty;mraysk@vinaora.com
c3a44de4-e6c8-4d02-93df-aff409356087;2020-11-19T19:14:56-08:00;9b6a4ed6-6c27-4102-8d5f-5db7435e80ee;Pinor;2020-09-09T19:11:23-07:00;104-830-5926;;Eleonora;epinorl@infoseek.co.jp
5eb03e58-d3d1-47f9-87bc-b0184556c02d;2020-06-10T05:32:40-07:00;6b49d7c6-6ede-4a8a-ade1-ec5888c7ce14;Isacoff;2020-05-13T03:42:00-07:00;833-768-7276;;Violet;visacoffm@ebay.co.uk
aa2bd310-8be1-4b6c-a852-2789d8652ac7;2020-05-03T17:28:08-07:00;8a46a3e5-4428-4744-855c-19d435fcf7af;Malecky;2020-04-13T14:59:31-07:00;502-635-5352;;Kaja;kmaleckyn@princeton.edu
5a9d6641-6ca6-48f0-af45-f411750f611a;2021-01-09T15:38:24-08:00;9285957a-e1fd-4205-960e-f739a9c7dfd2;Cartledge;2020-12-17T13:52:25-08:00;421-237-6728;;Ariel;acartledgeo@ucoz.com
d550fa36-ab93-4a07-a7ad-bb6f395b5a50;2020-06-17T20:58:28-07:00;0c9ee6c6-4869-40aa-afd3-087cee73c051;Jennaway;2020-04-03T19:39:39-07:00;727-494-8394;;Kip;kjennawayp@slideshare.net
4340de09-99b5-451b-ada3-168228a08cf9;2020-09-24T11:05:33-07:00;eda39524-e26b-46b0-b628-af063f46f3d9;Prophet;2020-08-24T10:00:49-07:00;434-163-7555;;Doti;dprophetq@g.co
29246f52-de26-4867-b464-7c5973526202;2020-09-19T07:18:24-07:00;965dbeea-a6d5-467d-9683-914b744ad1ef;McGovern;2020-07-11T05:36:32-07:00;527-103-3044;;Chico;cmcgovernr@apple.com
02414bff-285d-4008-9352-ad50839b729f;2020-04-28T18:59:34-07:00;1c6e9a5c-3fa8-4ac5-a4fe-5159a187c293;Terran;2020-02-22T18:55:58-08:00;611-363-2349;;Consalve;cterrans@networksolutions.com
69d962db-8bf2-4122-a42c-a708e1cc0cab;2020-01-27T14:45:59-08:00;4747877b-fb7d-4ec1-b42d-6b8f8707c984;Yacobsohn;2020-01-17T13:07:38-08:00;182-997-6046;;Turner;tyacobsohnt@t-online.de
8f61f71f-2321-4365-a17d-8e808b3151d2;2020-12-03T19:24:36-08:00;f79a5736-1e58-436a-aca9-bc4cf21fef09;Stower;2020-10-31T18:20:26-07:00;995-770-2052;;Ariel;astoweru@cbsnews.com
c0f02267-3aca-4878-a0f9-3fe516f9ec17;2020-08-14T17:43:20-07:00;131db634-55f8-4fb6-98f3-624ec32a94b8;Grievson;2020-06-15T16:28:19-07:00;630-813-1942;;Esteban;egrievsonv@merriam-webster.com
e09e27fe-72e3-4359-809e-43acf4976f55;2020-12-17T07:33:38-08:00;b75f3aaf-a993-400a-af77-389c1d1187a9;Bragg;2020-09-30T04:49:47-07:00;982-627-9006;;Shaina;sbraggw@reddit.com
4115e7da-5892-4eef-9f39-705626158c7f;2021-03-05T08:36:51-08:00;71aa45c1-ce05-43b5-a52a-6145ab435c69;Fogg;2020-12-07T07:32:16-08:00;293-265-0730;;Dorena;dfoggx@trellian.com
48ebf150-7cb7-4358-a5ef-1a2b0aa831b9;2020-05-21T00:40:56-07:00;db3e2e70-32f5-4f13-8302-63127ca0e3a8;Costa;2020-04-19T22:23:35-07:00;487-811-6882;;Minni;mcostay@paginegialle.it
525d85ad-6277-4500-9701-9afbf9785ad3;2020-09-01T02:59:36-07:00;7ae529bf-b9d0-47ee-acd0-d55e0e6a0d32;Hargrave;2020-07-04T00:39:20-07:00;943-971-8497;;Christina;chargravez@tumblr.com
89dd1d56-f177-4b28-86c8-b7d1beeff4a8;2020-04-27T06:05:58-07:00;7e949772-ab43-447f-a79d-3707a1793ed0;Lubbock;2020-03-24T05:54:49-07:00;742-409-9513;;Kelsi;klubbock10@pbs.org
489039b3-4092-4ed0-9065-b87573c26f21;2021-03-10T00:27:34-08:00;b3315b61-f1a6-4dbc-b08b-d65b38aa6f77;Bande;2020-12-26T22:51:34-08:00;898-928-8566;;Sterling;sbande11@cpanel.net
96ca8e55-2cbd-4c9b-9540-ff0ac6309797;2020-03-23T14:26:20-07:00;27b514cc-7ff4-4451-b1ba-27bb2f5011c8;Lowdiane;2020-01-19T12:54:22-08:00;228-161-8846;;Chaddy;clowdiane12@flickr.com
c4f8645d-471d-4c3b-aa5c-dd2f30115669;2020-04-16T07:14:35-07:00;47e8e06d-0612-4af0-89ed-48deafa4857a;Lovelace;2020-04-10T06:11:22-07:00;290-500-3569;;Homere;hlovelace13@163.com
78955b0f-6e77-44d6-89b5-18097afb0580;2021-02-04T08:17:42-08:00;02331e89-1736-4f12-85b9-ddd62545214b;Sykes;2020-11-03T07:56:55-08:00;443-170-6318;;Sibeal;ssykes14@statcounter.com
c42fc8e5-9ab6-4fbf-84bf-40ff309bf24c;2020-04-25T12:11:55-07:00;71aa45c1-ce05-43b5-a52a-6145ab435c69;Crosfield;2020-03-03T10:14:43-08:00;271-532-1961;;Chloette;ccrosfield15@bizjournals.com
78fe6452-8a56-4226-ae22-f372116b12ff;2020-07-06T09:28:29-07:00;632eadda-3e81-492c-8108-d5982aeac84d;Shimman;2020-04-05T08:19:42-07:00;981-137-8844;;Elroy;eshimman16@flickr.com
48fd8fef-ef87-4609-aac6-a8495b2feb50;2020-02-16T12:52:34-08:00;edd6e563-bce1-4c84-859d-31cae681f40b;Shearer;2020-01-19T12:49:10-08:00;545-220-4390;;Washington;wshearer17@mail.ru
5951d1d2-614e-4557-a2de-8298a1e4b179;2020-04-24T05:20:05-07:00;541b6c57-e5f2-4da7-baed-755e425a04d4;Kipling;2020-04-21T05:15:31-07:00;361-311-1881;;Marla;mkipling18@engadget.com
62c29c95-e8ec-4b77-a7fa-550820017bff;2020-11-27T17:34:20-08:00;4a9bcc05-a07b-4507-9d42-a2325a4844fa;Lezemere;2020-09-14T15:00:43-07:00;408-172-4230;;Cecilius;clezemere19@flavors.me
20e2eaa5-e8b9-4675-bc3b-11c048b060d9;2020-12-30T02:11:47-08:00;118d2c47-6c92-44b3-a52a-c58dac57adf2;Sibbs;2020-11-21T00:16:31-08:00;733-820-7326;;Sari;ssibbs1a@drupal.org
0babae9e-2656-4dcb-b454-47d88d47c920;2020-12-31T14:55:20-08:00;e6572a36-e4ae-4daa-8c05-692490c310a1;Kinnane;2020-10-18T13:52:20-07:00;381-895-7460;;Anthony;akinnane1b@edublogs.org
db41a6d4-70fc-43b1-82a5-393b46a2bdfa;2020-10-01T03:31:16-07:00;2c7bd191-c7c9-45d3-9dd0-612320bd9817;Josefs;2020-08-31T01:19:00-07:00;753-709-5477;;Tiebout;tjosefs1c@wordpress.org
d165b2ff-dfe1-40d0-bda0-a25e82b95870;2021-02-06T15:06:15-08:00;280bb1a8-d59e-4ada-b479-a4d47163130e;Alyukin;2020-12-05T13:59:20-08:00;531-398-6461;;Monro;malyukin1d@printfriendly.com
5555f2b6-d408-419f-aa60-22c0f0440f50;2020-06-14T22:18:30-07:00;cdc9b750-8081-441d-9905-339732cbdc4a;Presland;2020-04-08T20:25:35-07:00;284-253-2664;;Eb;epresland1e@rediff.com
dbc936d7-51da-4dfa-9dd9-7ce399b466df;2020-07-11T10:24:52-07:00;02331e89-1736-4f12-85b9-ddd62545214b;Pengelley;2020-07-07T08:51:55-07:00;622-392-9926;;Zita;zpengelley1f@statcounter.com
2a6f290c-40f8-4705-89d9-e8aeb6a4fa7b;2021-03-05T06:12:05-08:00;ed96dbd0-193e-4906-ae8b-904f50bcb57a;Sheerin;2020-12-21T03:44:13-08:00;600-138-0137;;Darren;dosheerin1g@com.com
2816d806-e7b2-4721-a197-a60bd3082f35;2020-12-31T23:04:33-08:00;fb0c8410-558a-4a65-bc50-6f82c32c7d1a;Grelik;2020-10-23T22:33:32-07:00;695-724-4222;;Catie;cgrelik1h@webeden.co.uk
8d8916e6-9820-49aa-bde8-8657dcfa7395;2021-01-15T18:28:14-08:00;23f4d3fc-7192-44eb-a1c6-c3d93eed0a42;Vella;2020-10-31T18:23:33-07:00;959-739-2416;;Corbet;cvella1i@samsung.com
1550e197-9073-408e-a1ca-08f9dbac7f7a;2020-06-11T10:14:20-07:00;1a61a755-cf38-43cd-be0d-7babfe8aaa26;Drezzer;2020-04-08T09:09:17-07:00;809-351-2382;;Mark;mdrezzer1j@shareasale.com
48c5ab18-4e44-40cb-8776-a19da0a86ffa;2020-12-18T18:53:50-08:00;d3dfe1e5-6826-49fe-9bfb-ef1022a20520;Jerrard;2020-11-16T18:26:26-08:00;545-551-5883;;Yanaton;yjerrard1k@printfriendly.com
cf7fec7a-ccca-4f66-9b3f-137d89a4a5ce;2020-10-23T16:05:32-07:00;e40b6557-536e-478e-a405-eed9959aa9f7;De Simone;2020-07-16T15:31:01-07:00;753-688-7731;;Roy;rdesimone1l@sun.com
e0d9d6a2-d95a-4c56-b2df-654eca4d3bae;2020-07-17T02:10:41-07:00;dfe1082c-cb08-497f-9af9-9a7cf0aa70b5;Sleep;2020-05-18T23:26:12-07:00;245-980-2405;;Dorey;dsleep1m@harvard.edu
d1f08820-32e6-4a31-abba-5aa533bc15a9;2021-01-26T13:04:54-08:00;42e017a2-ca97-4f71-bf3c-d32605ef9d43;Blumson;2020-12-18T11:46:04-08:00;210-173-2831;;Alie;ablumson1n@pinterest.com
9cfa05e2-606b-4080-8bac-96e3986f1704;2020-10-19T19:53:00-07:00;e71bd22e-7711-405f-9d7e-2a7824d68a6a;Silson;2020-08-11T19:02:42-07:00;169-893-0670;;Joshuah;jsilson1o@infoseek.co.jp
b60b4bf2-44e4-4232-902b-79a50d448f8b;2020-04-19T06:37:21-07:00;4da64e4e-655c-4fbe-bee2-3eb1014ace1b;Joule;2020-01-19T05:01:40-08:00;278-429-1961;;Izak;ijoule1p@delicious.com
c9d5048d-4879-4c2f-865f-3a971f3eea4e;2020-07-22T15:22:20-07:00;f785f0ae-f5d7-49a8-a4b7-95b470f7cb63;Elcoux;2020-07-16T12:39:03-07:00;812-545-8408;;Carie;celcoux1q@zimbio.com
1690815f-a96f-4f41-af89-bde6e90ad560;2020-07-08T23:51:35-07:00;957af504-cee3-4f3a-8f5a-eb5a5bd23b16;Kesley;2020-06-07T22:33:48-07:00;130-905-6508;;Lorne;lkesley1r@yale.edu
ee92f1cf-3bcf-4cea-a8d4-ac5ce812de46;2020-07-20T12:58:23-07:00;959fc946-4baf-457f-8290-2a7d0e7fc3f7;Rennick;2020-05-25T11:06:42-07:00;443-971-9075;;Antonina;arennick1s@census.gov
e93257ac-2915-409b-a527-f8d5a089f155;2020-10-25T18:38:30-07:00;96a40097-0030-4509-bb52-b3251fdef2b6;Pothbury;2020-08-17T17:58:26-07:00;645-862-5365;;Wells;wpothbury1t@nih.gov
1fada2e4-1018-48f1-84dc-802dc99171fe;2020-12-19T15:41:24-08:00;2ccdea45-e41c-4845-8252-50c2f568e0db;Winkell;2020-10-12T15:24:08-07:00;508-469-7243;;Cherida;cwinkell1u@zdnet.com
366bd18f-6a16-4f39-9177-080c11ce9f25;2020-12-24T09:30:12-08:00;44f03e5e-c121-44dd-80e2-b2d18860d57a;Fennelly;2020-11-14T09:11:15-08:00;527-802-6122;;Janaya;jfennelly1v@altervista.org
19ac513f-b77e-4808-ade4-284ece721d91;2020-06-06T13:37:40-07:00;91cdd4ef-b40f-48e0-b2f3-95b8620955eb;Perone;2020-03-03T11:46:07-08:00;810-259-4812;;Inez;iperone1w@google.it
f9178203-61c0-4597-9070-6dc453ada601;2021-01-02T03:23:37-08:00;d502f2e1-d34c-4b82-9834-15e50ab41a1b;Noods;2020-10-24T02:39:20-07:00;867-669-4707;;Ofilia;onoods1x@usgs.gov
30a46555-66f8-4dd3-946f-dacc9bd6d0c2;2020-11-18T19:05:00-08:00;bffd2205-2234-4d52-8ec6-60ca76d18cf0;Mazonowicz;2020-09-28T18:31:06-07:00;442-383-3334;;Jilleen;jmazonowicz1y@blogspot.com
5faf7aa9-ca1a-44b6-bc00-5954bc39cc91;2021-01-27T23:27:06-08:00;ea7dd7ad-1905-4873-9890-f1aa90439a29;Tacey;2020-10-21T21:20:52-07:00;524-924-2441;;Roderich;rtacey1z@adobe.com
b84e37bd-016f-4bd7-ab63-0ba81c57ea9a;2020-04-27T16:54:44-07:00;68a5c312-2205-45ec-ace1-166ff3f4b572;Burrell;2020-02-06T15:04:31-08:00;626-616-5850;;Alexandros;aburrell20@marketwatch.com
a49a996a-10c4-4a7c-8f87-421c0d5209b9;2021-01-22T06:07:37-08:00;47e8e06d-0612-4af0-89ed-48deafa4857a;Brodley;2020-11-17T05:59:34-08:00;416-264-1505;;Atalanta;abrodley21@imdb.com
4d3c9f53-0667-4a80-8259-12200fe75761;2020-04-25T05:59:42-07:00;874cd4e2-37d0-4e30-9773-0f9dcfa26838;Daudray;2020-04-20T03:34:43-07:00;489-628-5623;;Beale;bdaudray22@marketwatch.com
520baa4f-ee70-420b-96c9-37e3c4238f43;2020-07-23T16:25:54-07:00;4d9d28c3-6e38-48e7-9960-f244a3e72d9d;Varsey;2020-06-27T15:21:37-07:00;523-696-5217;;Val;vvarsey23@prnewswire.com
b6b40cce-8d02-4fe5-8bee-5eadbcb56a01;2020-04-17T11:31:07-07:00;c9a6e260-e379-4b26-a36d-cf97e0eb03bc;Down;2020-02-17T09:50:47-08:00;378-881-4300;;Izaak;idown24@dedecms.com
f47ac0f5-2afa-4e71-8328-bd881947159b;2020-07-07T01:27:00-07:00;4934ebb8-8950-4bd0-87ba-a1532716e54d;Schimke;2020-05-08T23:00:37-07:00;240-364-2403;;Hermine;hschimke25@nationalgeographic.com
b49e6c79-09ad-41b2-9ed6-44570f83a3f8;2021-01-15T08:47:42-08:00;7986bf80-2ce5-4fac-8e06-fc6db16dd2d9;Cobbe;2020-12-17T06:42:34-08:00;897-964-5162;;Enoch;ecobbe26@google.nl
2f0a3789-41ac-4732-bf29-b3ea5f4ed831;2020-07-29T01:10:11-07:00;b8f77f86-d46a-412a-9dce-7b458a34618d;Markie;2020-07-27T00:38:22-07:00;580-899-5634;;Finley;fmarkie27@github.io
7be40e37-7a40-40ce-81c8-a5048c8befb1;2021-01-04T17:28:50-08:00;96a40097-0030-4509-bb52-b3251fdef2b6;Roo;2020-10-12T16:44:44-07:00;305-998-4341;;Kalle;kroo28@naver.com
c4706c3b-a72a-4a8e-8a54-55c6b0238f86;2020-08-26T02:25:18-07:00;96a40097-0030-4509-bb52-b3251fdef2b6;Reary;2020-08-21T00:26:58-07:00;347-811-6953;;Jeni;jreary29@tripod.com
96aa719e-c5a3-4645-ba89-16c304fb59b0;2020-12-24T06:18:18-08:00;f2dfb1e6-43bf-49ac-8d17-e1498079e08b;Kennan;2020-11-01T03:59:52-08:00;902-299-4393;;Silvia;skennan2a@creativecommons.org
79bdfd27-a0a7-4e4f-9d75-0c12c72ce7f1;2020-05-30T01:34:28-07:00;cdc9b750-8081-441d-9905-339732cbdc4a;Thayre;2020-03-30T23:14:57-07:00;490-905-1942;;Dorette;dthayre2b@nationalgeographic.com
6aff561d-fbd9-4130-8242-8b9073cc3a03;2020-07-20T04:59:29-07:00;2466034c-a22b-4b0e-95af-2d34160779bc;Ladon;2020-05-21T04:43:50-07:00;463-641-7980;;Franz;fladon2c@gov.uk
2bfd97fc-be3c-4137-8996-b44907a368d2;2020-12-14T13:08:00-08:00;3a286955-76c1-4b50-b5fc-61e4e4e3be4d;Dictus;2020-11-23T11:00:57-08:00;792-890-2241;;Paulita;pdictus2d@chron.com
bf7367be-d029-4255-81a1-3a295eeb9c56;2020-08-12T16:16:55-07:00;2ccdea45-e41c-4845-8252-50c2f568e0db;Petroff;2020-06-23T14:03:13-07:00;236-525-7056;;Grenville;gpetroff2e@jalbum.net
eafe1c71-6ae0-4add-b9d9-34d9c5d00c50;2020-02-22T14:30:37-08:00;9b6a4ed6-6c27-4102-8d5f-5db7435e80ee;Stiell;2020-02-15T12:59:09-08:00;482-479-5696;;Gayla;gstiell2f@nationalgeographic.com
5f9b23fe-4253-4677-8ecd-1b27366a5830;2020-08-15T21:04:04-07:00;609af927-16f8-450a-ade4-1e06724e9feb;Backshill;2020-05-16T19:05:58-07:00;819-228-6044;;Fredra;fbackshill2g@ox.ac.uk
6b116938-3785-4983-a5d7-33f6af32f0ba;2020-12-07T13:53:43-08:00;2b514c51-d01b-4d26-be99-4a1fa99bf322;Freeland;2020-09-27T13:44:47-07:00;326-159-9706;;Dorothee;dfreeland2h@opera.com
44b36e47-f501-4328-9df5-927222167a3d;2020-06-10T03:23:12-07:00;e71bd22e-7711-405f-9d7e-2a7824d68a6a;Aspenlon;2020-05-07T02:01:09-07:00;466-696-6099;;Grete;gaspenlon2i@disqus.com
7f89df2d-6f1e-4f67-83a1-40d2b8ec56b0;2020-05-30T12:07:11-07:00;56078786-b8da-47a0-8a7c-befda74f8cd8;Baldwin;2020-03-01T11:38:17-08:00;178-832-6419;;Theodora;tbaldwin2j@umn.edu
65b34b30-f96d-4230-b595-0c7c249de7e5;2020-04-29T13:19:00-07:00;d3dfe1e5-6826-49fe-9bfb-ef1022a20520;Schofield;2020-03-25T13:10:02-07:00;531-355-5927;;Even;eschofield2k@cmu.edu
6875a4d9-cdc6-43bc-a700-f6916e049e46;2020-08-23T21:24:37-07:00;f2dfb1e6-43bf-49ac-8d17-e1498079e08b;Heinecke;2020-06-24T21:08:10-07:00;256-504-1704;;Wynny;wheinecke2l@ebay.com
d78268b1-7168-49f4-8f6f-db436afb5a6f;2020-07-20T22:43:36-07:00;71c60b11-0457-40c4-91ca-b86e0631f1eb;Geydon;2020-05-10T20:00:26-07:00;478-501-0337;;Zondra;zgeydon2m@tiny.cc
7193aa74-ca9f-4769-b290-a817bd2e4266;2020-10-31T01:37:22-07:00;ea7dd7ad-1905-4873-9890-f1aa90439a29;Guarnier;2020-09-15T00:32:57-07:00;661-360-3106;;Rollins;rguarnier2n@fc2.com
4dae48a6-8206-46eb-b629-fec4a99306ec;2020-09-23T22:13:25-07:00;957af504-cee3-4f3a-8f5a-eb5a5bd23b16;Joiris;2020-07-07T19:58:24-07:00;599-156-0844;;Cordell;cjoiris2o@home.pl
ae9e2ae5-5044-4006-b83d-a3475530025e;2020-12-06T16:49:54-08:00;dfc2941f-aef1-4c70-a7f6-8105dda578f5;Divers;2020-10-12T15:27:33-07:00;830-974-4111;;Stanton;sdivers2p@msu.edu
edbbae4b-6354-4a0b-9d43-d74c3f67b5de;2020-08-12T11:18:40-07:00;c9a6e260-e379-4b26-a36d-cf97e0eb03bc;Kollaschek;2020-07-01T10:48:32-07:00;288-504-3014;;Ed;ekollaschek2q@tuttocitta.it
6f0c43cb-42af-45e0-83ae-f0ed3b4e2e8e;2020-09-19T23:03:31-07:00;2aaf2e91-8735-4def-82ca-31dce98ff634;Conklin;2020-08-19T22:55:10-07:00;481-851-6396;;Lusa;lconklin2r@prweb.com
b3367c91-53bd-4aac-ab6d-0a596fe382c2;2020-10-24T01:52:23-07:00;a81e134c-8135-44ab-bda4-66b29e5175ca;Esposi;2020-09-10T01:29:05-07:00;364-546-7274;;Klement;kesposi2s@twitter.com
f36630d8-e3d9-4e23-acc0-ffd86e661c26;2020-12-10T23:41:08-08:00;3a286955-76c1-4b50-b5fc-61e4e4e3be4d;Zanetto;2020-09-05T22:08:58-07:00;390-470-2417;;Skippie;szanetto2t@miibeian.gov.cn
17c49262-1f0c-46d1-a6ba-bacc19f08a86;2020-09-07T22:26:14-07:00;a81e134c-8135-44ab-bda4-66b29e5175ca;Limer;2020-08-11T21:20:35-07:00;633-889-7859;;Jacobo;jlimer2u@webeden.co.uk
6cf2751f-d815-4fbc-b04a-245c1301574c;2020-07-30T19:06:28-07:00;d502f2e1-d34c-4b82-9834-15e50ab41a1b;Finey;2020-06-06T18:28:24-07:00;795-164-6766;;Cordie;cfiney2v@constantcontact.com
6d37adeb-4c53-4167-b170-c89e4bd1764a;2020-04-16T03:53:53-07:00;b3db1ec9-17b7-4b15-8f04-b2077048f428;Lamb;2020-01-08T03:21:05-08:00;818-387-7153;;Giuseppe;glamb2w@soundcloud.com
2d90a679-c85d-4299-86dd-2319424fcc15;2020-03-28T23:47:23-07:00;89ab3752-1119-4f9e-9766-0d6883501434;McCart;2020-01-13T22:12:46-08:00;154-207-6444;;Margareta;mmccart2x@nature.com
f37282a8-5c04-44bb-a9e6-fe9ed2eed6e2;2020-10-25T18:51:39-07:00;f2dfb1e6-43bf-49ac-8d17-e1498079e08b;Goodin;2020-10-08T17:41:16-07:00;323-547-6616;;Queenie;qgoodin2y@jiathis.com
7025daf6-54d9-44be-8282-7923def85169;2020-04-27T10:19:33-07:00;4d9d28c3-6e38-48e7-9960-f244a3e72d9d;Van Oort;2020-02-25T08:15:01-08:00;296-486-1570;;Ulrika;uvanoort2z@lycos.com
2c696f6a-3988-4cdb-a9a0-5c464e2ce19a;2020-06-20T02:21:52-07:00;027e0a9d-2bb0-4247-8989-365339741a93;Josefson;2020-03-28T23:39:41-07:00;475-726-5577;;Lexine;ljosefson30@parallels.com
8af678e5-c051-4ca2-88f3-4c903d77a3f6;2021-01-26T00:16:07-08:00;ec7b6cfc-530f-40ed-bfa5-e3caa3b7ecbe;Connaughton;2020-11-15T22:02:22-08:00;680-757-2743;;Yehudi;yconnaughton31@canalblog.com
6514b5a0-6388-4940-b6db-ed6f4e010ad5;2020-10-07T00:13:01-07:00;1ceb9167-9852-45a7-8109-57b077d8a2e0;Brezlaw;2020-08-20T23:10:14-07:00;142-118-3385;;Pegeen;pbrezlaw32@csmonitor.com
68e0c8f7-9546-42ed-b327-f67debec10cf;2020-05-10T09:14:48-07:00;aa61ded6-4588-48dd-9759-1bd36ec5d787;Slayny;2020-04-14T08:50:54-07:00;929-867-2031;;Tymon;tslayny33@cbc.ca
baaf00b6-da56-44af-8c70-97269472e6f3;2020-07-22T06:52:21-07:00;24b83ef4-4f28-408a-bea9-171ddaf094a7;Tampen;2020-06-27T05:49:59-07:00;342-867-8012;;Margalo;mtampen34@squidoo.com
bbe518c7-5ea8-444e-acef-6c18be8336bc;2020-10-22T05:45:17-07:00;47e8e06d-0612-4af0-89ed-48deafa4857a;Holborn;2020-09-25T04:55:55-07:00;994-257-0814;;Urbanus;uholborn35@e-recht24.de
ac8cea7f-30b1-498d-8baa-d5ea2b32d138;2020-06-09T16:55:42-07:00;25caf41f-ca5a-4cbb-bc2c-b5d9fcebe66b;Stonman;2020-03-27T16:43:07-07:00;818-288-9094;;Christen;cstonman36@meetup.com
707a74bd-593f-4bdc-85e3-b8ff6b538399;2020-04-23T02:54:43-07:00;8b7e7226-a1e0-4fbf-a0a9-60c38d3e3347;Dodshon;2020-03-25T02:32:25-07:00;995-857-7646;;Maribel;mdodshon37@kickstarter.com
63b87683-1c30-49e0-86f0-54d00b32052f;2021-02-19T16:42:33-08:00;23f4d3fc-7192-44eb-a1c6-c3d93eed0a42;Frays;2020-12-07T16:22:46-08:00;762-260-4960;;Eveline;efrays38@google.com
1e06f0d8-776e-4309-92ec-f9f54d1d1679;2020-06-17T00:33:17-07:00;a4fbed7c-7bdd-465d-bdcd-ab0c4c68f300;Bleakman;2020-05-30T21:58:28-07:00;110-825-5215;;Tricia;tbleakman39@archive.org
85362f90-0066-4b3b-b0d5-2e919acda80d;2020-06-07T07:12:29-07:00;4934ebb8-8950-4bd0-87ba-a1532716e54d;Skerritt;2020-04-27T06:55:41-07:00;611-405-9278;;Millisent;mskerritt3a@cam.ac.uk
6cbe0665-0001-43b3-98af-7cd3909b1b28;2020-08-28T13:32:00-07:00;f79a5736-1e58-436a-aca9-bc4cf21fef09;Louth;2020-08-08T10:59:36-07:00;546-362-8647;;Jermain;jlouth3b@altervista.org
7c11eccd-15a9-4b87-875e-b84f39dfe3d6;2020-01-30T18:40:48-08:00;56078786-b8da-47a0-8a7c-befda74f8cd8;Wittke;2020-01-11T18:28:01-08:00;840-771-9891;;Paulo;pwittke3c@un.org
60bc96e0-dcf5-438d-8e11-7ab3f6ac6e96;2020-10-07T18:31:34-07:00;902bcb47-051b-4375-9dc0-485b3172b89b;Vinck;2020-09-09T17:09:47-07:00;961-585-2011;;Floyd;fvinck3d@samsung.com
97fec509-ddfd-468b-8c39-ece964fdbcf1;2020-11-15T05:28:49-08:00;994b670f-e529-4a97-9826-448f7f9fbf80;Zwicker;2020-11-12T03:42:03-08:00;916-863-2724;;Leonora;lzwicker3e@intel.com
b8e0e25a-412e-4b8c-aaa2-eb1b46036424;2021-03-08T02:13:00-08:00;957af504-cee3-4f3a-8f5a-eb5a5bd23b16;Gilmore;2020-12-18T01:52:22-08:00;164-927-2391;;Gabriell;ggilmore3f@yolasite.com
4136ab42-d31d-4f07-b3ef-6d63526b769b;2021-01-18T01:46:46-08:00;dc7345f9-9c6b-45d5-a633-a07a4a355104;Witcomb;2020-11-30T23:26:24-08:00;514-761-1957;;Chris;cwitcomb3g@bloomberg.com
58367695-0c22-415d-9704-bd8f73bb2e8f;2020-04-19T06:53:27-07:00;63260a1e-947f-42fe-b11f-12cea08830b6;Corness;2020-03-13T04:24:53-07:00;116-219-3903;;Eileen;ecorness3h@noaa.gov
376bc5b4-cb91-4fa3-9083-7dd7f1caa872;2020-07-06T04:16:47-07:00;959fc946-4baf-457f-8290-2a7d0e7fc3f7;Berthot;2020-06-10T03:19:59-07:00;199-134-9973;;Engracia;eberthot3i@columbia.edu
e879df28-ff9c-4900-b99c-c769ec349316;2021-03-10T03:58:54-08:00;dfe1082c-cb08-497f-9af9-9a7cf0aa70b5;Guillot;2020-12-19T01:34:57-08:00;395-664-9207;;Leelah;lguillot3j@spotify.com
93908a68-20b7-44ba-b6c1-6f4cc57d7726;2020-07-01T06:03:37-07:00;9285957a-e1fd-4205-960e-f739a9c7dfd2;Tunno;2020-03-28T05:23:54-07:00;360-272-8530;;Audrie;atunno3k@t.co
5de439eb-6bc7-4fc2-ba0e-a3bf8a286d63;2020-08-29T02:52:44-07:00;2ccdea45-e41c-4845-8252-50c2f568e0db;Tulip;2020-06-28T01:50:24-07:00;653-493-4297;;Ennis;etulip3l@histats.com
